Filename,Words,AWL,TTR,LDE,ABLE,AMP,ASPECT,BEMA,CC,CD,CONC,COND,CONT,CUZ,DEMO,DMA,DOAUX,DT,DWNT,ELAB,EMO,EMPH,EX,FPUH,FREQ,GTO,HDG,HGOT,IN,JJAT,JJPR,MDCA,MDCO,MDMM,MDNE,MDWO,MDWS,NCOMP,NN,PASS,PEAS,PGET,PIT,PLACE,POLITE,POS,PP1P,PP1S,PP2,PP3f,PP3m,PP3t,PROG,QUAN,QUPR,QUTAG,RB,RP,SPLIT,STPR,THATD,THRC,THSC,TIME,VBD,VBG,VBN,VIMP,VPRT,WHQU,WHSC,XX0,YNQU,ACT,CAUSE,COMM,COMPAR,EXIST,INother,JJATDother,JJATother,JJCOLR,JJEPSTother,JJEVAL,JJPRother,JJREL,JJSIZE,JJTIME,JJTOPIC,MDPOSSCall,MDPREDall,MENTAL,NNABSPROC,NNCOG,NNCONC,NNGRP,NNHUMAN,NNP,NNPLACE,NNQUANT,NNTECH,NNother,NOMZ,NSTNCother,OCCUR,PASSall,PP1all,PP3all,PrepNSTNC,RATT,RBother,RFACT,RNONFACT,RSTNCall,SUPER,THRCother,THSCother,ThJEVL,ThJFCT,ThJSTNCall,ThSTNCall,ThVCOMM,ThVFCT,ThVLIK,ThVSTNCall,ToJABL,ToJCRTN,ToJEASE,ToJEFCT,ToJEVAL,ToJSTNCall,ToNSTNC,ToSTNCall,ToVDSR,ToVEFRT,ToVMNTL,ToVPROB,ToVSPCH,ToVSTNCall,WHSCother,WhVATT,WhVCOM,WhVFCT,WhVLIK,WhVSTNCall
SFLEP_C1_Conversation001.txt,653,4.1807,0.535,0.4487,0.0,0.7657,0.0,23.2877,24.6575,1.8377,0.0,1.3699,9.589,2.7397,0.1531,1.2251,8.2192,31.1111,0.3063,1.3699,0.0,0.6126,5.4795,1.2251,2.7397,0.0,0.4594,0.0,11.1792,14.4444,21.9178,4.1096,4.1096,1.3699,1.3699,0.0,0.0,6.6667,27.5651,4.1096,1.3699,0.0,17.8082,2.7397,0.6126,0.5556,4.1096,47.9452,20.5479,8.2192,1.3699,4.1096,1.3699,3.8889,4.1096,0.0,0.9188,0.0,2.7397,0.0,1.3699,0.0,2.7397,8.2192,26.0274,8.2192,4.1096,1.3699,61.6438,10.9589,10.9589,8.2192,1.5314,21.9178,1.3699,17.8082,0.3063,4.1096,10.4135,0.0,7.7778,0.0,1.1111,2.2222,17.8082,2.2222,0.5556,0.5556,0.0,9.589,0.0,23.2877,13.8889,1.1111,5.5556,0.0,8.3333,29.4444,3.8889,2.7778,0.5556,7.0444,0.5556,0.5556,8.2192,4.1096,52.0548,13.6986,0.5556,0.0,0.7657,0.3063,0.0,0.3063,0.3063,0.0,0.0,0.0,0.0,0.0,0.3063,1.3699,1.3699,0.0,2.7397,0.0,0.0,0.0,0.0,0.0,0.0,0.0,0.4594,1.3699,1.3699,1.3699,0.0,0.0,4.1096,8.2192,0.0,0.0,1.3699,1.3699,2.7397
SFLEP_C1_Conversation002.txt,542,4.1624,0.4675,0.4576,0.0,0.0,11.6667,28.3333,25.0,0.9225,1.6667,0.0,15.0,1.6667,0.1845,0.5535,15.0,26.6272,0.1845,0.0,0.0,0.1845,1.6667,0.5535,5.0,0.0,0.0,0.0,12.1771,11.2426,10.0,6.6667,0.0,0.0,1.6667,0.0,0.0,3.5503,31.1808,8.3333,3.3333,0.0,13.3333,1.6667,0.0,0.0,1.6667,43.3333,21.6667,0.0,0.0,8.3333,5.0,2.9586,0.0,0.0,2.0295,5.0,1.6667,0.0,5.0,3.3333,3.3333,5.0,8.3333,10.0,8.3333,0.0,83.3333,8.3333,1.6667,6.6667,0.738,28.3333,6.6667,13.3333,0.369,3.3333,11.8081,0.0,5.3254,0.0,0.0,1.1834,3.3333,0.5917,1.1834,4.142,0.0,6.6667,0.0,20.0,7.6923,0.5917,4.142,1.7751,14.7929,30.7692,1.1834,5.9172,0.5917,8.8561,0.5917,0.0,3.3333,8.3333,45.0,8.3333,0.5917,0.0,1.107,0.9225,0.0,0.9225,0.1845,3.3333,1.6667,0.0,0.0,0.0,0.0,0.0,0.0,0.0,0.0,0.0,0.0,0.0,0.0,0.0,0.0,0.0,0.1845,0.0,1.6667,0.0,0.0,0.0,1.6667,1.6667,0.0,0.0,0.0,0.0,0.0
SFLEP_C1_Conversation003.txt,717,3.9066,0.505,0.4031,0.0,0.6974,1.0101,23.2323,14.1414,2.5105,1.0101,1.0101,12.1212,0.0,1.3947,1.2552,13.1313,34.5679,0.2789,1.0101,0.0,0.1395,2.0202,2.0921,2.0202,0.0,0.2789,0.0,10.8787,15.4321,10.101,7.0707,0.0,0.0,4.0404,3.0303,9.0909,5.5556,22.5941,3.0303,3.0303,0.0,13.1313,3.0303,0.6974,0.6173,4.0404,27.2727,28.2828,0.0,6.0606,2.0202,4.0404,4.321,1.0101,0.0,2.0921,4.0404,3.0303,1.0101,2.0202,0.0,0.0,2.0202,21.2121,4.0404,7.0707,5.0505,50.5051,16.1616,12.1212,4.0404,0.9763,29.2929,1.0101,14.1414,0.1395,5.0505,9.9024,0.0,11.1111,0.0,1.2346,2.4691,4.0404,1.2346,0.0,0.6173,0.0,7.0707,12.1212,16.1616,6.7901,0.6173,6.1728,0.6173,12.3457,13.5802,0.6173,6.7901,1.8519,9.3445,2.4691,0.0,1.0101,3.0303,31.3131,8.0808,0.0,0.1395,1.9526,0.0,0.0,0.1395,0.2789,0.0,0.0,0.0,0.0,0.0,0.0,0.0,0.0,0.0,0.0,0.0,0.0,0.0,0.0,0.0,0.0,0.0,0.8368,5.0505,0.0,0.0,0.0,1.0101,6.0606,12.1212,0.0,0.0,0.0,0.0,0.0
SFLEP_C1_Conversation004.txt,821,4.2387,0.5025,0.4677,0.0,0.1218,1.8182,22.7273,25.4545,1.218,0.9091,4.5455,18.1818,0.0,1.218,1.218,9.0909,23.5294,0.1218,0.9091,0.1218,1.5834,0.9091,0.8526,0.0,0.9091,0.2436,0.0,9.6224,24.5989,19.0909,8.1818,0.0,0.0,2.7273,1.8182,3.6364,8.0214,22.7771,1.8182,1.8182,2.7273,5.4545,4.5455,0.2436,1.0695,9.0909,20.0,40.9091,0.0,0.0,6.3636,5.4545,9.0909,0.9091,0.0,1.5834,5.4545,1.8182,0.0,5.4545,0.0,1.8182,0.9091,23.6364,10.0,1.8182,12.7273,47.2727,1.8182,11.8182,13.6364,0.2436,31.8182,4.5455,12.7273,0.7308,0.9091,8.7698,0.5348,13.9037,0.0,0.0,5.8824,14.5455,2.139,0.0,1.6043,0.0,8.1818,6.3636,22.7273,17.6471,2.6738,3.7433,5.8824,11.7647,7.4866,1.6043,3.7433,2.6738,7.43,1.0695,0.0,2.7273,4.5455,29.0909,6.3636,1.0695,0.0,1.4616,0.1218,0.0,0.1218,0.3654,0.0,0.0,0.0,0.0,0.0,0.2436,0.9091,0.9091,0.0,1.8182,0.0,0.1218,0.1218,0.0,0.1218,0.3654,0.5348,0.609,0.0,0.0,0.9091,0.0,0.0,0.9091,9.0909,0.0,0.0,2.7273,0.0,2.7273
SFLEP_C1_Conversation005.txt,809,3.9011,0.4,0.4265,0.8547,0.0,0.8547,19.6581,30.7692,1.1125,0.0,3.4188,36.7521,0.8547,1.3597,1.7305,29.9145,21.9101,0.0,2.5641,0.0,0.3708,1.7094,0.1236,1.7094,0.0,0.2472,0.0,7.5402,14.0449,18.8034,3.4188,1.7094,1.7094,0.0,7.6923,2.5641,3.9326,22.0025,1.7094,1.7094,0.8547,5.9829,4.2735,1.4833,0.5618,11.1111,39.3162,31.6239,0.0,0.0,1.7094,3.4188,8.427,1.7094,0.8547,1.3597,0.0,0.0,0.8547,0.0,0.8547,0.8547,1.7094,2.5641,5.9829,0.0,5.1282,75.2137,7.6923,6.8376,26.4957,1.7305,18.8034,5.9829,17.9487,0.0,2.5641,6.5513,1.6854,10.1124,0.0,1.1236,0.0,14.5299,3.3708,0.5618,0.0,0.0,6.8376,10.2564,40.1709,7.3034,2.809,10.1124,0.5618,1.1236,31.4607,2.809,0.5618,0.0,7.1693,5.0562,0.0,0.0,2.5641,50.4274,1.7094,0.0,0.0,1.2361,0.4944,0.0,0.4944,0.0,0.8547,0.0,0.0,0.0,0.0,0.1236,0.0,0.8547,0.0,0.8547,0.0,0.0,0.0,0.1236,0.0,0.1236,0.0,0.8653,4.2735,0.0,0.8547,0.0,0.0,5.1282,5.1282,0.0,0.8547,0.8547,0.0,1.7094
SFLEP_C2_Conversation001.txt,417,3.446,0.3775,0.3645,0.0,0.0,1.8519,14.8148,31.4815,0.9592,0.0,3.7037,29.6296,0.0,1.9185,2.3981,16.6667,29.6703,0.0,0.0,0.0,0.0,0.0,0.4796,0.0,0.0,0.0,0.0,11.5108,5.4945,12.963,5.5556,1.8519,0.0,16.6667,0.0,9.2593,9.8901,21.8225,0.0,1.8519,1.8519,7.4074,3.7037,0.2398,0.0,0.0,53.7037,40.7407,0.0,3.7037,14.8148,5.5556,2.1978,3.7037,1.8519,1.6787,7.4074,0.0,1.8519,0.0,0.0,1.8519,3.7037,1.8519,3.7037,0.0,1.8519,62.963,9.2593,5.5556,12.963,0.4796,38.8889,0.0,7.4074,0.0,0.0,10.3118,0.0,2.1978,0.0,1.0989,3.2967,5.5556,0.0,0.0,2.1978,0.0,7.4074,9.2593,18.5185,4.3956,2.1978,4.3956,0.0,4.3956,10.989,12.0879,1.0989,0.0,10.3118,2.1978,0.0,0.0,1.8519,53.7037,18.5185,1.0989,0.0,1.6787,0.0,0.0,0.0,0.2398,0.0,0.0,0.0,0.0,0.0,0.2398,1.8519,0.0,0.0,1.8519,0.0,0.0,0.0,0.0,0.0,0.0,0.0,0.7194,5.5556,0.0,0.0,0.0,0.0,5.5556,3.7037,0.0,0.0,1.8519,0.0,1.8519
SFLEP_C2_Conversation002.txt,696,3.8233,0.49,0.3836,0.0,0.5747,0.0,25.5102,20.4082,0.8621,0.0,0.0,30.6122,1.0204,1.5805,1.5805,13.2653,29.0123,0.1437,0.0,0.0,0.7184,1.0204,2.1552,4.0816,2.0408,0.8621,0.0,10.0575,10.4938,21.4286,5.102,0.0,0.0,0.0,3.0612,0.0,6.1728,23.2759,1.0204,2.0408,0.0,9.1837,7.1429,0.1437,2.4691,8.1633,23.4694,13.2653,0.0,4.0816,22.449,6.1224,12.3457,1.0204,0.0,2.0115,2.0408,2.0408,0.0,2.0408,2.0408,1.0204,5.102,4.0816,3.0612,1.0204,4.0816,83.6735,14.2857,7.1429,11.2245,1.7241,19.3878,1.0204,3.0612,0.1437,9.1837,9.6264,0.6173,7.4074,0.0,0.0,3.7037,14.2857,0.0,1.8519,0.6173,0.0,5.102,5.102,22.449,3.7037,0.6173,3.7037,0.6173,11.7284,12.3457,4.9383,6.1728,0.6173,10.7759,3.0864,0.0,1.0204,1.0204,31.6327,26.5306,1.2346,0.0,1.8678,0.1437,0.0,0.1437,0.0,2.0408,1.0204,0.0,0.0,0.0,0.0,0.0,0.0,0.0,0.0,0.0,0.0,0.0,0.0,0.0,0.0,0.0,0.1437,0.0,0.0,0.0,1.0204,0.0,1.0204,4.0816,0.0,0.0,3.0612,0.0,3.0612
SFLEP_C2_Conversation003.txt,819,4.177,0.525,0.431,0.0,0.1221,2.5641,27.3504,13.6752,0.3663,0.8547,0.8547,24.7863,1.7094,1.4652,0.9768,10.2564,25.8242,0.2442,1.7094,0.1221,0.3663,3.4188,1.8315,1.7094,0.0,0.2442,0.0,9.768,8.7912,20.5128,5.9829,5.1282,0.8547,0.8547,7.6923,5.1282,5.4945,22.2222,0.8547,1.7094,1.7094,9.4017,2.5641,0.6105,0.5495,17.094,31.6239,18.8034,1.7094,0.0,9.4017,4.2735,11.5385,5.9829,0.0,2.0757,3.4188,2.5641,0.8547,4.2735,0.0,0.8547,1.7094,9.4017,14.5299,0.8547,2.5641,62.3932,9.4017,9.4017,8.547,0.9768,26.4957,7.6923,11.1111,0.0,4.2735,8.7912,0.5495,5.4945,0.5495,0.5495,2.7473,16.2393,0.0,0.5495,0.5495,0.0,11.9658,12.8205,29.9145,6.5934,1.6484,6.5934,1.6484,17.5824,14.2857,3.8462,3.8462,0.0,6.9597,4.9451,0.0,0.8547,2.5641,48.7179,11.1111,0.0,0.0,2.0757,0.4884,0.0,0.4884,0.1221,0.0,0.8547,0.0,0.0,0.0,0.0,0.0,0.0,0.0,0.0,0.0,0.0,0.0,0.0,0.0,0.0,0.0,0.8547,4.2735,0.8547,0.0,0.8547,0.0,5.9829,7.6923,0.0,0.8547,0.0,0.8547,1.7094
SFLEP_C3_Conversation001.txt,461,4.0434,0.5075,0.4013,0.0,0.2169,3.7037,25.9259,16.6667,1.0846,0.0,1.8519,25.9259,0.0,0.2169,0.8677,9.2593,31.1321,0.2169,1.8519,0.0,0.2169,1.8519,0.8677,0.0,0.0,0.4338,0.0,11.0629,9.434,25.9259,11.1111,0.0,1.8519,5.5556,0.0,5.5556,6.6038,22.9935,5.5556,1.8519,1.8519,11.1111,0.0,0.2169,0.0,7.4074,35.1852,35.1852,0.0,1.8519,0.0,12.963,16.9811,5.5556,0.0,1.7354,3.7037,1.8519,0.0,5.5556,0.0,0.0,9.2593,7.4074,16.6667,5.5556,0.0,68.5185,14.8148,16.6667,14.8148,0.8677,35.1852,1.8519,14.8148,0.6508,1.8519,9.7614,0.0,7.5472,0.0,0.9434,0.0,20.3704,0.0,0.9434,0.0,0.0,12.963,5.5556,18.5185,4.717,0.9434,14.1509,0.0,6.6038,9.434,0.9434,7.5472,0.9434,9.3275,6.6038,0.0,1.8519,7.4074,42.5926,1.8519,1.8868,0.0,1.7354,0.0,0.0,0.0,0.2169,0.0,0.0,0.0,0.0,0.0,0.0,0.0,0.0,0.0,0.0,0.0,0.2169,0.0,0.0,0.4338,0.6508,0.0,0.6508,0.0,0.0,0.0,0.0,0.0,0.0,16.6667,0.0,0.0,0.0,0.0,0.0
SFLEP_C3_Conversation002.txt,400,3.7775,0.53,0.39,2.381,0.5,2.381,21.4286,19.0476,1.25,0.0,2.381,33.3333,0.0,1.25,1.25,21.4286,27.0833,0.0,0.0,0.25,0.75,0.0,1.0,4.7619,2.381,0.5,2.381,10.75,8.3333,23.8095,14.2857,0.0,0.0,4.7619,4.7619,7.1429,6.25,24.0,2.381,7.1429,4.7619,16.6667,7.1429,0.5,2.0833,7.1429,28.5714,30.9524,4.7619,0.0,0.0,9.5238,6.25,0.0,0.0,2.75,4.7619,9.5238,2.381,2.381,0.0,0.0,19.0476,11.9048,7.1429,0.0,0.0,57.1429,28.5714,2.381,26.1905,0.5,38.0952,0.0,11.9048,0.0,2.381,9.75,0.0,5.2083,0.0,1.0417,2.0833,16.6667,0.0,1.0417,2.0833,0.0,14.2857,14.2857,26.1905,6.25,2.0833,5.2083,0.0,13.5417,20.8333,1.0417,8.3333,2.0833,7.75,2.0833,0.0,2.381,7.1429,35.7143,4.7619,0.0,0.0,2.0,0.5,0.25,0.75,0.0,0.0,0.0,0.0,0.0,0.0,0.0,0.0,0.0,0.0,0.0,0.0,0.0,0.0,0.0,0.0,0.0,0.0,0.75,2.381,4.7619,0.0,0.0,0.0,7.1429,0.0,0.0,0.0,2.381,0.0,2.381
SFLEP_C3_Conversation003.txt,479,4.2422,0.515,0.4154,0.0,0.6263,0.0,25.7576,16.6667,0.2088,1.5152,3.0303,13.6364,0.0,1.0438,2.5052,10.6061,26.2136,0.2088,0.0,0.0,0.2088,4.5455,1.6701,4.5455,0.0,0.4175,0.0,9.6033,17.4757,25.7576,9.0909,0.0,0.0,3.0303,0.0,0.0,14.5631,21.5031,6.0606,1.5152,0.0,12.1212,9.0909,0.0,0.0,13.6364,27.2727,22.7273,0.0,0.0,18.1818,6.0606,11.6505,4.5455,1.5152,2.9228,4.5455,1.5152,0.0,3.0303,0.0,6.0606,3.0303,39.3939,4.5455,1.5152,1.5152,46.9697,3.0303,3.0303,16.6667,1.4614,19.697,0.0,12.1212,0.0,6.0606,8.3507,0.0,14.5631,0.0,0.0,1.9417,24.2424,0.0,0.9709,0.0,0.0,9.0909,0.0,24.2424,12.6214,0.9709,2.9126,2.9126,10.6796,12.6214,2.9126,2.9126,2.9126,7.3069,0.0,0.0,0.0,6.0606,40.9091,18.1818,0.0,0.0,2.9228,0.2088,0.0,0.2088,0.2088,0.0,0.0,0.0,1.5152,1.5152,0.8351,3.0303,0.0,1.5152,4.5455,0.2088,0.0,0.0,0.0,0.0,0.2088,0.0,1.0438,4.5455,0.0,0.0,1.5152,0.0,6.0606,3.0303,0.0,0.0,0.0,0.0,0.0
SFLEP_E1_Conversation001.txt,862,4.3794,0.475,0.4664,0.0,0.116,0.885,29.2035,18.5841,1.3921,0.0,3.5398,15.0442,0.885,0.6961,0.9281,7.0796,18.2979,0.232,0.0,0.116,0.6961,1.7699,0.58,3.5398,0.885,0.232,0.0,8.0046,12.3404,19.469,3.5398,5.3097,0.885,4.4248,0.885,5.3097,7.234,27.2622,0.885,7.0796,0.885,16.8142,3.5398,0.348,0.4255,10.6195,45.1327,31.8584,0.0,4.4248,5.3097,4.4248,7.234,2.6549,0.0,2.7842,6.1947,2.6549,0.885,0.885,0.0,1.7699,1.7699,27.4336,6.1947,0.885,6.1947,46.0177,7.9646,4.4248,4.4248,1.2761,21.2389,7.0796,3.5398,0.0,3.5398,7.4246,0.0,7.234,0.0,0.0,3.8298,15.0442,0.8511,0.4255,0.8511,0.8511,9.7345,7.0796,20.354,3.8298,3.4043,4.6809,0.4255,5.5319,32.766,0.4255,4.6809,0.0,9.2807,2.9787,0.0,1.7699,1.7699,55.7522,9.7345,0.4255,0.0,2.5522,0.116,0.116,0.232,0.116,0.0,0.885,0.0,0.0,0.0,0.0,0.0,0.0,0.0,0.0,0.0,0.0,0.0,0.0,0.0,0.0,0.0,0.232,0.885,0.885,0.0,0.0,0.0,1.7699,3.5398,0.885,0.0,0.0,0.0,0.885
SFLEP_E1_Conversation002.txt,457,4.1838,0.5125,0.3917,0.0,0.0,1.8868,26.4151,22.6415,1.5317,1.8868,1.8868,13.2075,0.0,0.6565,0.8753,3.7736,31.3043,0.0,0.0,0.0,1.0941,1.8868,0.8753,5.6604,0.0,0.0,1.8868,12.9103,8.6957,13.2075,7.5472,0.0,0.0,5.6604,1.8868,1.8868,7.8261,25.1641,11.3208,9.434,0.0,5.6604,0.0,0.2188,1.7391,22.6415,11.3208,20.7547,0.0,0.0,16.9811,1.8868,6.9565,5.6604,0.0,1.7505,5.6604,5.6604,3.7736,0.0,0.0,1.8868,13.2075,15.0943,3.7736,7.5472,7.5472,60.3774,18.8679,5.6604,7.5472,1.0941,26.4151,9.434,9.434,0.2188,3.7736,11.8162,0.0,6.087,0.0,1.7391,1.7391,7.5472,0.8696,0.0,0.0,0.0,7.5472,3.7736,7.5472,5.2174,4.3478,2.6087,6.9565,6.087,21.7391,2.6087,6.087,0.0,8.7527,1.7391,0.0,3.7736,11.3208,33.9623,16.9811,0.0,0.0,1.5317,0.0,0.2188,0.2188,0.2188,0.0,1.8868,0.0,0.0,0.0,0.0,0.0,0.0,0.0,0.0,0.2188,0.0,0.0,0.0,0.0,0.2188,0.0,0.4376,0.0,0.0,1.8868,0.0,0.0,1.8868,5.6604,0.0,0.0,0.0,0.0,0.0
SFLEP_E1_Conversation003.txt,414,4.4541,0.49,0.4396,0.0,0.4831,2.0408,34.6939,24.4898,1.4493,0.0,0.0,6.1224,0.0,1.6908,1.2077,16.3265,25.4386,0.0,0.0,0.0,0.7246,0.0,1.4493,10.2041,0.0,0.9662,0.0,9.1787,10.5263,16.3265,8.1633,0.0,4.0816,0.0,0.0,6.1224,12.2807,27.5362,4.0816,6.1224,0.0,14.2857,4.0816,0.2415,0.0,2.0408,24.4898,26.5306,0.0,0.0,4.0816,4.0816,3.5088,8.1633,0.0,1.4493,2.0408,4.0816,2.0408,0.0,0.0,14.2857,6.1224,8.1633,18.3673,4.0816,4.0816,69.3878,16.3265,10.2041,4.0816,1.4493,20.4082,4.0816,14.2857,0.2415,0.0,8.6957,0.0,6.1404,0.0,0.8772,0.8772,12.2449,0.0,0.0,0.0,0.0,12.2449,6.1224,22.449,11.4035,4.386,9.6491,1.7544,1.7544,11.4035,2.6316,0.8772,1.7544,9.4203,6.1404,0.8772,2.0408,4.0816,26.5306,4.0816,0.0,0.0,0.9662,0.2415,0.2415,0.4831,1.4493,0.0,6.1224,2.0408,0.0,2.0408,0.9662,0.0,0.0,6.1224,6.1224,0.2415,0.0,0.0,0.0,0.0,0.2415,0.0,0.2415,0.0,0.0,0.0,0.0,0.0,0.0,6.1224,0.0,0.0,4.0816,0.0,4.0816
SFLEP_E1_Conversation004.txt,477,4.0042,0.5425,0.3753,0.0,0.0,1.5152,31.8182,9.0909,0.4193,0.0,4.5455,18.1818,0.0,1.2579,0.4193,13.6364,33.0275,0.2096,0.0,0.0,1.2579,1.5152,0.8386,1.5152,0.0,0.2096,1.5152,10.4822,15.5963,15.1515,4.5455,0.0,0.0,6.0606,1.5152,0.0,3.6697,22.8512,4.5455,6.0606,1.5152,10.6061,3.0303,0.2096,1.8349,6.0606,30.303,21.2121,0.0,6.0606,0.0,6.0606,8.2569,1.5152,3.0303,2.7254,1.5152,1.5152,1.5152,6.0606,0.0,0.0,1.5152,27.2727,15.1515,4.5455,4.5455,56.0606,25.7576,10.6061,15.1515,0.4193,27.2727,0.0,12.1212,0.2096,1.5152,9.8532,0.0,11.0092,0.0,0.9174,0.0,13.6364,1.8349,1.8349,0.0,0.0,4.5455,1.5152,30.303,6.422,3.6697,6.422,0.0,13.7615,22.0183,2.7523,6.422,0.9174,7.1279,2.7523,0.0,0.0,6.0606,36.3636,6.0606,0.9174,0.0,2.3061,0.2096,0.2096,0.4193,0.2096,0.0,0.0,0.0,0.0,0.0,0.0,0.0,0.0,0.0,0.0,0.0,0.0,0.0,0.0,0.0,0.0,0.0,0.0,0.0,0.0,0.0,0.0,0.0,0.0,10.6061,0.0,0.0,0.0,0.0,0.0
SFLEP_E1_Conversation005.txt,1045,4.022,0.49,0.4124,0.0,0.2871,1.5385,24.6154,30.0,1.3397,0.7692,3.8462,25.3846,1.5385,1.5311,0.9569,6.9231,25.1012,0.1914,0.0,0.0,0.2871,3.8462,0.1914,1.5385,0.7692,0.2871,0.0,8.8995,12.1457,16.1538,7.6923,0.7692,1.5385,2.3077,4.6154,3.0769,4.0486,23.6364,0.0,5.3846,0.0,13.0769,3.0769,0.1914,0.4049,8.4615,28.4615,27.6923,7.6923,14.6154,2.3077,7.6923,11.7409,8.4615,0.7692,2.201,10.0,3.8462,0.0,3.8462,3.0769,4.6154,6.1538,10.0,5.3846,2.3077,2.3077,67.6923,5.3846,9.2308,12.3077,1.1483,25.3846,2.3077,6.9231,0.8612,5.3846,8.4211,0.4049,4.8583,0.0,1.2146,1.2146,8.4615,0.8097,2.0243,1.2146,1.2146,10.0,8.4615,18.4615,12.9555,0.8097,4.0486,1.2146,6.0729,36.8421,0.4049,6.4777,1.2146,5.5502,1.2146,0.8097,0.0,0.0,36.9231,24.6154,0.8097,0.0,1.8182,0.1914,0.0,0.1914,0.1914,3.0769,3.0769,0.0,0.0,0.0,0.1914,1.5385,0.0,0.0,1.5385,0.0957,0.0,0.0,0.0,0.0,0.0957,0.4049,0.2871,0.7692,0.0,0.0,0.0,0.0,0.7692,6.9231,0.0,0.0,2.3077,0.0,2.3077
SFLEP_E2_Conversation001.txt,425,4.0024,0.5275,0.4212,0.0,0.2353,3.3898,28.8136,11.8644,0.4706,5.0847,0.0,33.8983,0.0,1.6471,0.2353,5.0847,16.3265,0.0,0.0,0.0,0.7059,1.6949,0.7059,10.1695,8.4746,0.0,0.0,10.5882,9.1837,23.7288,6.7797,0.0,0.0,5.0847,3.3898,5.0847,3.0612,23.0588,3.3898,5.0847,0.0,5.0847,3.3898,0.0,1.0204,6.7797,35.5932,28.8136,0.0,16.9492,1.6949,5.0847,5.102,3.3898,0.0,1.6471,5.0847,10.1695,0.0,3.3898,1.6949,8.4746,3.3898,13.5593,6.7797,5.0847,6.7797,59.322,13.5593,3.3898,15.2542,0.4706,11.8644,6.7797,11.8644,0.2353,1.6949,10.3529,0.0,5.102,0.0,2.0408,0.0,16.9492,0.0,0.0,3.0612,0.0,6.7797,16.9492,27.1186,10.2041,1.0204,6.1224,4.0816,10.2041,24.4898,2.0408,2.0408,0.0,7.5294,1.0204,1.0204,8.4746,3.3898,42.3729,18.6441,1.0204,0.0,1.1765,0.4706,0.0,0.4706,0.4706,1.6949,8.4746,0.0,0.0,0.0,0.0,0.0,0.0,0.0,0.0,0.0,0.0,0.0,0.0,0.0,0.0,0.0,0.0,0.0,0.0,0.0,0.0,0.0,0.0,3.3898,0.0,0.0,0.0,0.0,0.0
SFLEP_E2_Conversation002.txt,519,4.2524,0.535,0.4027,0.0,0.578,2.9412,25.0,16.1765,0.7707,0.0,5.8824,20.5882,0.0,1.3487,1.7341,8.8235,30.7018,0.0,1.4706,0.0,0.3854,1.4706,1.1561,1.4706,2.9412,0.1927,1.4706,11.1753,18.4211,16.1765,2.9412,1.4706,0.0,7.3529,5.8824,7.3529,8.7719,21.9653,1.4706,2.9412,0.0,7.3529,5.8824,0.1927,0.0,7.3529,30.8824,41.1765,0.0,1.4706,4.4118,7.3529,7.0175,4.4118,1.4706,1.1561,0.0,4.4118,2.9412,2.9412,0.0,0.0,4.4118,17.6471,10.2941,1.4706,4.4118,52.9412,11.7647,11.7647,8.8235,0.9634,20.5882,1.4706,14.7059,0.0,7.3529,10.2119,0.0,14.0351,0.0,3.5088,3.5088,8.8235,0.8772,0.8772,0.0,0.0,4.4118,16.1765,20.5882,10.5263,0.8772,6.1404,0.0,9.6491,14.0351,3.5088,5.2632,6.1404,6.3584,3.5088,0.8772,1.4706,1.4706,38.2353,5.8824,0.0,0.0,1.1561,0.0,0.0,0.0,0.0,0.0,0.0,0.0,0.0,0.0,0.0,0.0,0.0,0.0,0.0,0.0,0.0,0.0,0.1927,0.0,0.1927,0.0,0.578,1.4706,1.4706,0.0,0.0,0.0,2.9412,10.2941,0.0,0.0,1.4706,0.0,1.4706
SFLEP_E2_Conversation004.txt,654,4.4434,0.55,0.445,0.0,0.7645,0.0,42.4658,23.2877,0.6116,1.3699,0.0,23.2877,1.3699,0.9174,0.7645,9.589,27.8409,0.0,0.0,0.0,0.9174,0.0,1.5291,5.4795,0.0,0.0,0.0,12.9969,17.6136,19.1781,8.2192,2.7397,0.0,0.0,0.0,0.0,6.25,26.9113,4.1096,4.1096,0.0,17.8082,5.4795,0.6116,1.1364,23.2877,24.6575,13.6986,1.3699,1.3699,2.7397,8.2192,2.8409,1.3699,2.7397,1.9878,2.7397,4.1096,2.7397,1.3699,2.7397,4.1096,8.2192,21.9178,13.6986,2.7397,2.7397,64.3836,15.0685,5.4795,12.3288,0.7645,19.1781,0.0,16.4384,0.9174,4.1096,11.9266,0.0,13.0682,0.0,0.0,1.1364,13.6986,1.7045,0.0,1.7045,0.0,10.9589,0.0,21.9178,6.25,0.5682,3.4091,1.1364,4.5455,27.2727,3.4091,1.1364,1.1364,10.2446,6.8182,0.0,4.1096,4.1096,47.9452,5.4795,0.0,0.0,1.3761,0.6116,0.0,0.6116,0.0,2.7397,2.7397,0.0,0.0,0.0,0.1529,0.0,1.3699,0.0,1.3699,0.0,0.0,0.1529,0.3058,0.0,0.4587,0.0,0.7645,1.3699,1.3699,0.0,0.0,0.0,2.7397,4.1096,0.0,1.3699,0.0,0.0,1.3699
SFLEP_E3_Conversation001.txt,1147,4.442,0.54,0.4412,0.8547,0.3487,2.5641,33.3333,37.6068,0.6103,1.7094,4.2735,23.9316,0.8547,0.7847,0.7847,7.6923,34.0426,0.0,1.7094,0.0,1.0462,5.9829,0.3487,5.9829,0.0,0.0872,0.8547,12.7289,19.5035,26.4957,4.2735,0.0,0.8547,4.2735,0.8547,2.5641,7.8014,24.5859,5.9829,11.9658,0.0,13.6752,2.5641,0.0,1.0638,8.547,32.4786,17.094,0.0,1.7094,6.8376,5.9829,8.8652,5.1282,0.0,2.0052,2.5641,6.8376,0.0,1.7094,4.2735,2.5641,2.5641,6.8376,12.8205,5.1282,0.0,80.3419,11.1111,8.547,7.6923,0.5231,20.5128,1.7094,11.1111,0.6975,5.9829,11.5955,0.7092,13.1206,0.0,0.7092,1.4184,18.8034,2.8369,0.3546,0.3546,0.3546,5.1282,3.4188,15.3846,13.8298,3.1915,2.8369,1.4184,3.5461,18.0851,1.4184,4.6099,2.1277,9.5031,1.0638,0.0,5.1282,5.9829,41.0256,8.547,0.0,0.0,1.918,0.5231,0.0,0.5231,0.2616,4.2735,0.8547,0.0,0.8547,0.8547,0.1744,0.8547,0.0,0.0,0.8547,0.0872,0.0,0.0872,0.0,0.0,0.1744,0.7092,0.959,3.4188,2.5641,0.0,0.0,0.0,5.9829,8.547,0.0,0.0,0.0,0.0,0.0
